<patch>
	<id>hotfix-1072-7210</id>
	<name>hotfix-1072</name>
	<patching-tool-version>2011</patching-tool-version>
	<incompatible-patching-tool-version-message>Please update Patching Tool to version 2.0.11 or higher in order to use this patch.</incompatible-patching-tool-version-message>
	<incremental>false</incremental>
	<singular>true</singular>
	<version>1072</version>
	<rank>200318004435796</rank>
	<requirements>dxp=4</requirements>
	<component>hotfix</component>
	<product>7210</product>
	<fixed-issues>LPS-108761,LPS-110506</fixed-issues>
	<build-date>Wed, 18 Mar 2020 00:44:35 PDT</build-date>
	<full-file-replacements>
		<replace-file>GLOBAL_LIB_PATH/com.liferay.petra.concurrent.jar</replace-file>
		<replace-file>GLOBAL_LIB_PATH/com.liferay.petra.executor.jar</replace-file>
		<replace-file>GLOBAL_LIB_PATH/com.liferay.petra.function.jar</replace-file>
		<replace-file>GLOBAL_LIB_PATH/com.liferay.petra.io.jar</replace-file>
		<replace-file>GLOBAL_LIB_PATH/com.liferay.petra.lang.jar</replace-file>
		<replace-file>GLOBAL_LIB_PATH/com.liferay.petra.memory.jar</replace-file>
		<replace-file>GLOBAL_LIB_PATH/com.liferay.petra.nio.jar</replace-file>
		<replace-file>GLOBAL_LIB_PATH/com.liferay.petra.process.jar</replace-file>
		<replace-file>GLOBAL_LIB_PATH/com.liferay.petra.reflect.jar</replace-file>
		<replace-file>GLOBAL_LIB_PATH/com.liferay.petra.string.jar</replace-file>
		<replace-file>GLOBAL_LIB_PATH/com.liferay.registry.api.jar</replace-file>
		<replace-file>GLOBAL_LIB_PATH/portal-kernel.jar</replace-file>
		<replace-file>GLOBAL_LIB_PATH/support-tomcat.jar</replace-file>
		<replace-file>WAR_PATH/WEB-INF/lib/com.liferay.petra.content.jar</replace-file>
		<replace-file>WAR_PATH/WEB-INF/lib/com.liferay.petra.encryptor.jar</replace-file>
		<replace-file>WAR_PATH/WEB-INF/lib/com.liferay.petra.log4j.jar</replace-file>
		<replace-file>WAR_PATH/WEB-INF/lib/com.liferay.petra.mail.jar</replace-file>
		<replace-file>WAR_PATH/WEB-INF/lib/com.liferay.petra.xml.jar</replace-file>
		<replace-file>WAR_PATH/WEB-INF/lib/com.liferay.portal.dao.db.jar</replace-file>
		<replace-file>WAR_PATH/WEB-INF/lib/com.liferay.portal.osgi.web.jasper.plugins.taglib.jar</replace-file>
		<replace-file>WAR_PATH/WEB-INF/lib/com.liferay.portal.plugin.deployment.extension.jar</replace-file>
		<replace-file>WAR_PATH/WEB-INF/lib/portal-impl.jar</replace-file>
		<replace-file>WAR_PATH/WEB-INF/lib/util-bridges.jar</replace-file>
		<replace-file>WAR_PATH/WEB-INF/lib/util-java.jar</replace-file>
		<replace-file>WAR_PATH/WEB-INF/lib/util-slf4j.jar</replace-file>
		<replace-file>WAR_PATH/WEB-INF/lib/util-taglib.jar</replace-file>
	</full-file-replacements>
	<delete-files>
		<delete-file>MODULES_BASE_PATH/core/com.liferay.portal.bootstrap.jar</delete-file>
		<delete-file>MODULES_BASE_PATH/marketplace/Liferay Foundation - Liferay Connector to Elasticsearch 6 - API.lpkg/com.liferay.portal.search.elasticsearch6.spi-1.0.3.jar</delete-file>
		<delete-file>MODULES_BASE_PATH/marketplace/Liferay Foundation - Liferay Digital Signature - API.lpkg/com.liferay.digital.signature.adapter.spi-1.0.1.jar</delete-file>
		<delete-file>MODULES_BASE_PATH/marketplace/Liferay Foundation - Liferay Hello World - Impl.lpkg/com.liferay.hello.world.web-4.0.8.jar</delete-file>
		<delete-file>MODULES_BASE_PATH/marketplace/Liferay Foundation - Liferay Hypermedia REST APIs - API.lpkg/com.liferay.headless.common.spi-5.0.7.jar</delete-file>
		<delete-file>MODULES_BASE_PATH/marketplace/Liferay Foundation - Liferay Portal Search - API.lpkg/com.liferay.portal.search.spi-3.3.2.jar</delete-file>
		<delete-file>MODULES_BASE_PATH/marketplace/Liferay Static - Impl.lpkg/org.apache.aries.cdi.extender-1.0.1-20190213.211706-2.jar</delete-file>
		<delete-file>MODULES_BASE_PATH/marketplace/Liferay Static - Impl.lpkg/org.apache.aries.cdi.extension.http-1.0.1-20190213.211731-3.jar</delete-file>
	</delete-files>
	<customer-ticket>LIFERAY-0</customer-ticket>
	<built-for>LIFERAY</built-for>
	<plugin-dependencies>
		<plugin-dependency auto="true" name="util-bridges.jar">
			<portal-path>WAR_PATH/WEB-INF/lib/portal-impl.jar/com/liferay/portal/deploy/dependencies/util-bridges.jar</portal-path>
			<plugin-path>WEB-INF/lib/util-bridges.jar</plugin-path>
		</plugin-dependency>
		<plugin-dependency auto="true" name="util-java.jar">
			<portal-path>WAR_PATH/WEB-INF/lib/portal-impl.jar/com/liferay/portal/deploy/dependencies/util-java.jar</portal-path>
			<plugin-path>WEB-INF/lib/util-java.jar</plugin-path>
		</plugin-dependency>
		<plugin-dependency auto="true" name="util-taglib.jar">
			<portal-path>WAR_PATH/WEB-INF/lib/portal-impl.jar/com/liferay/portal/deploy/dependencies/util-taglib.jar</portal-path>
			<plugin-path>WEB-INF/lib/util-taglib.jar</plugin-path>
		</plugin-dependency>
	</plugin-dependencies>
	<checksums>
		<file-checksum file="binaries/GLOBAL_LIB_PATH/com.liferay.petra.concurrent.jar">5aa0cc5b9fb9ce51dde77eba25bcda6b</file-checksum>
		<file-checksum file="binaries/GLOBAL_LIB_PATH/com.liferay.petra.executor.jar">c7370c5e3138c1134e602bdec7fbd099</file-checksum>
		<file-checksum file="binaries/GLOBAL_LIB_PATH/com.liferay.petra.function.jar">2e9cf42b67bbdbfc40394193d6885b94</file-checksum>
		<file-checksum file="binaries/GLOBAL_LIB_PATH/com.liferay.petra.io.jar">fcf68b6abc72e7f8f9b6222c77b8b8c1</file-checksum>
		<file-checksum file="binaries/GLOBAL_LIB_PATH/com.liferay.petra.lang.jar">84e33f492313bc8ffedcbae993a4c037</file-checksum>
		<file-checksum file="binaries/GLOBAL_LIB_PATH/com.liferay.petra.memory.jar">46825a2400bb17d6d7c408ee23e2bca4</file-checksum>
		<file-checksum file="binaries/GLOBAL_LIB_PATH/com.liferay.petra.nio.jar">5458a02e45d6a4c5b53f0a92758cc518</file-checksum>
		<file-checksum file="binaries/GLOBAL_LIB_PATH/com.liferay.petra.process.jar">91360298b2bc16fcce0a266ed3958879</file-checksum>
		<file-checksum file="binaries/GLOBAL_LIB_PATH/com.liferay.petra.reflect.jar">9b05e9d62e9f01d1617596b2f22fb591</file-checksum>
		<file-checksum file="binaries/GLOBAL_LIB_PATH/com.liferay.petra.string.jar">edb6da7badb53470051fedc0ed303419</file-checksum>
		<file-checksum file="binaries/GLOBAL_LIB_PATH/com.liferay.registry.api.jar">9cfec23c325314e8cab1af6b10c5e25d</file-checksum>
		<file-checksum file="binaries/GLOBAL_LIB_PATH/portal-kernel.jar">35ba8871f75814f0600180e4642acb10</file-checksum>
		<file-checksum file="binaries/GLOBAL_LIB_PATH/support-tomcat.jar">6b8a19114402af167e6133ae776e34fd</file-checksum>
		<file-checksum file="binaries/MODULES_BASE_PATH/core/com.liferay.portal.bootstrap-1.0.0.hotfix-1072-7210.jar">5d4ffb795139c93f2c951157695bc756</file-checksum>
		<file-checksum file="binaries/MODULES_BASE_PATH/marketplace/Liferay Foundation - Liferay Change Tracking - API.lpkg/com.liferay.change.tracking.api-4.2.0.jar">cae976fa78a3dcc0b1b0fceca059131a</file-checksum>
		<file-checksum file="binaries/MODULES_BASE_PATH/marketplace/Liferay Foundation - Liferay Change Tracking - API.lpkg/liferay-marketplace.properties">fb3a37399d06c76da352eab662afb454</file-checksum>
		<file-checksum file="binaries/MODULES_BASE_PATH/marketplace/Liferay Foundation - Liferay Change Tracking - Impl.lpkg/com.liferay.change.tracking.change.lists.configuration.web-1.0.11.jar">88bf7510c952175bb03ac22c74992473</file-checksum>
		<file-checksum file="binaries/MODULES_BASE_PATH/marketplace/Liferay Foundation - Liferay Change Tracking - Impl.lpkg/com.liferay.change.tracking.change.lists.history.web-1.0.13.jar">2be62402100ce3949c108950e14cdcf1</file-checksum>
		<file-checksum file="binaries/MODULES_BASE_PATH/marketplace/Liferay Foundation - Liferay Change Tracking - Impl.lpkg/com.liferay.change.tracking.change.lists.indicator.theme.contributor-1.0.3.jar">0d499fa9ac842c11d8d331da5108a7c6</file-checksum>
		<file-checksum file="binaries/MODULES_BASE_PATH/marketplace/Liferay Foundation - Liferay Change Tracking - Impl.lpkg/com.liferay.change.tracking.change.lists.indicator.web-1.0.13.jar">3b10e0850bec462597e7705cfca75c13</file-checksum>
		<file-checksum file="binaries/MODULES_BASE_PATH/marketplace/Liferay Foundation - Liferay Change Tracking - Impl.lpkg/com.liferay.change.tracking.change.lists.web-1.0.16.jar">b85f142dc2cc12e842f2976c87126b29</file-checksum>
		<file-checksum file="binaries/MODULES_BASE_PATH/marketplace/Liferay Foundation - Liferay Change Tracking - Impl.lpkg/com.liferay.change.tracking.lang-1.0.14.jar">9fd276277cfeed7022e627693034fec9</file-checksum>
		<file-checksum file="binaries/MODULES_BASE_PATH/marketplace/Liferay Foundation - Liferay Change Tracking - Impl.lpkg/com.liferay.change.tracking.rest-1.0.13.jar">819ebb4d21454974cceb394b011a2fae</file-checksum>
		<file-checksum file="binaries/MODULES_BASE_PATH/marketplace/Liferay Foundation - Liferay Change Tracking - Impl.lpkg/com.liferay.change.tracking.service-1.0.13.jar">7a59ba1531e7957740a57ae67ba612f9</file-checksum>
		<file-checksum file="binaries/MODULES_BASE_PATH/marketplace/Liferay Foundation - Liferay Change Tracking - Impl.lpkg/com.liferay.change.tracking.uad-1.0.5.jar">a25f3278fd97ea8eddeff9ce4b16594b</file-checksum>
		<file-checksum file="binaries/MODULES_BASE_PATH/marketplace/Liferay Foundation - Liferay Change Tracking - Impl.lpkg/liferay-marketplace.properties">fb3a37399d06c76da352eab662afb454</file-checksum>
		<file-checksum file="binaries/MODULES_BASE_PATH/marketplace/Liferay Foundation - Liferay Connector to Elasticsearch 6 - SPI.lpkg/com.liferay.portal.search.elasticsearch6.spi-1.0.3.jar">7b02d5924c404c1100ba449384c51e53</file-checksum>
		<file-checksum file="binaries/MODULES_BASE_PATH/marketplace/Liferay Foundation - Liferay Connector to Elasticsearch 6 - SPI.lpkg/liferay-marketplace.properties">dbf84cb4b4dda17d8e2e73a8c89e0aba</file-checksum>
		<file-checksum file="binaries/MODULES_BASE_PATH/marketplace/Liferay Foundation - Liferay Digital Signature - SPI.lpkg/com.liferay.digital.signature.adapter.spi-1.0.1.jar">1b1dda09b4a5c51571e50655ebbad2f2</file-checksum>
		<file-checksum file="binaries/MODULES_BASE_PATH/marketplace/Liferay Foundation - Liferay Digital Signature - SPI.lpkg/liferay-marketplace.properties">bd7348d1d3149e63723926a0ea9ddf7b</file-checksum>
		<file-checksum file="binaries/MODULES_BASE_PATH/marketplace/Liferay Foundation - Liferay Hello World - Impl.lpkg/com.liferay.hello.world.web-4.0.8.hotfix-1072-7210.jar">7e308d69732fa3302c892cea90d2ce45</file-checksum>
		<file-checksum file="binaries/MODULES_BASE_PATH/marketplace/Liferay Foundation - Liferay Hello World - Impl.lpkg/liferay-marketplace.properties">b9f666ea4f64b56926330b334a0e7524</file-checksum>
		<file-checksum file="binaries/MODULES_BASE_PATH/marketplace/Liferay Foundation - Liferay Hypermedia REST APIs - SPI.lpkg/com.liferay.headless.common.spi-5.0.7.jar">e3a360eeec61a43f09ac6254125ecc12</file-checksum>
		<file-checksum file="binaries/MODULES_BASE_PATH/marketplace/Liferay Foundation - Liferay Hypermedia REST APIs - SPI.lpkg/liferay-marketplace.properties">30748d63ccca0dd6e597f037eef62ec2</file-checksum>
		<file-checksum file="binaries/MODULES_BASE_PATH/marketplace/Liferay Foundation - Liferay Portal Search - SPI.lpkg/com.liferay.portal.search.spi-3.3.2.jar">837fec217199251124b0357efda75c18</file-checksum>
		<file-checksum file="binaries/MODULES_BASE_PATH/marketplace/Liferay Foundation - Liferay Portal Search - SPI.lpkg/liferay-marketplace.properties">b766b616fdc9b5a11c6930f9b6a11972</file-checksum>
		<file-checksum file="binaries/MODULES_BASE_PATH/marketplace/Liferay Static - Impl.lpkg/liferay-marketplace.properties">caf2fcba293bea1dd2c0d9c858e5cba2</file-checksum>
		<file-checksum file="binaries/MODULES_BASE_PATH/marketplace/Liferay Static - Impl.lpkg/org.apache.aries.cdi.extender-1.0.1.jar">c4d4d127ea5bb111b728c9e46abbc665</file-checksum>
		<file-checksum file="binaries/MODULES_BASE_PATH/marketplace/Liferay Static - Impl.lpkg/org.apache.aries.cdi.extension.http-1.0.1.jar">7f0a69b39db67f454b75c6fc82b50c6f</file-checksum>
		<file-checksum file="binaries/WAR_PATH/WEB-INF/lib/com.liferay.petra.content.jar">0e4bcf18892f1c224cbc38f99c8c5ef7</file-checksum>
		<file-checksum file="binaries/WAR_PATH/WEB-INF/lib/com.liferay.petra.encryptor.jar">615cbcf13f366fc1f2f42d254ddb3a32</file-checksum>
		<file-checksum file="binaries/WAR_PATH/WEB-INF/lib/com.liferay.petra.log4j.jar">ddbd9c254200a9647860c0e122d8ace1</file-checksum>
		<file-checksum file="binaries/WAR_PATH/WEB-INF/lib/com.liferay.petra.mail.jar">7ac5425731eac373dcf9f9a19b188b90</file-checksum>
		<file-checksum file="binaries/WAR_PATH/WEB-INF/lib/com.liferay.petra.xml.jar">76634e73b956544e845b9c77f4092057</file-checksum>
		<file-checksum file="binaries/WAR_PATH/WEB-INF/lib/com.liferay.portal.dao.db.jar">2aa665f2dfce2f1cbf8c1202c31f9412</file-checksum>
		<file-checksum file="binaries/WAR_PATH/WEB-INF/lib/com.liferay.portal.osgi.web.jasper.plugins.taglib.jar">f30e653c2bf1b90b093c3637932bd696</file-checksum>
		<file-checksum file="binaries/WAR_PATH/WEB-INF/lib/com.liferay.portal.plugin.deployment.extension.jar">ad83d05134a96ceec4652bf64dc679f2</file-checksum>
		<file-checksum file="binaries/WAR_PATH/WEB-INF/lib/portal-impl.jar">e423f033eb12dd73b6ef8e1bacb4cf1a</file-checksum>
		<file-checksum file="binaries/WAR_PATH/WEB-INF/lib/util-bridges.jar">edb2edb42a23416f31cc2fd8312a0eba</file-checksum>
		<file-checksum file="binaries/WAR_PATH/WEB-INF/lib/util-java.jar">b96b3095efc67d1118026a6d8eb44fa1</file-checksum>
		<file-checksum file="binaries/WAR_PATH/WEB-INF/lib/util-slf4j.jar">c098836445433a4bbc89d71bcfc5df84</file-checksum>
		<file-checksum file="binaries/WAR_PATH/WEB-INF/lib/util-taglib.jar">b1ebb486cc765a5e27322cac1b351d7f</file-checksum>
		<file-checksum file="diff/modules/apps/hello-world/hello-world-web/src/main/java/com/liferay/hello/world/web/internal/portlet/HelloWorldPortlet.java.diff">57fb36655986653f99a116dffb11fd60</file-checksum>
		<file-checksum file="diff/modules/apps/static/required-dependencies/required-dependencies/build.gradle.diff">3444edb6514c6373d7a941c2f72f285d</file-checksum>
		<file-checksum file="src/modules/apps/hello-world/hello-world-web/src/main/java/com/liferay/hello/world/web/internal/portlet/HelloWorldPortlet.java">3db8dbd63405a14c74c27ecb480742af</file-checksum>
	</checksums>
	<build-id>155073591</build-id>
	<build-name>LPS-108761,LPS-110506</build-name>
	<source-available>true</source-available>
	<git-revision>7d24b88539b952ec9b4b5687fadbde34907230d9</git-revision>
</patch>
